timestamp_utc,seq_id,x_coord_m,y_coord_m,depth_m,roll_deg,pitch_deg,yaw_deg,vx_ms,vy_ms,vz_ms,threat_type,confidence_score,sonar_range_m,bearing_deg,object_id,notes
1777802111.31522,1,0,0,-20,0,0,0,0,0,0,SAFE,1,0,0,,navigation_only
1777802111.31543,2,0,0,-20,0,0,0,0,0,0,SAFE,1,0,0,,navigation_only
1777802111.43923,3,0,0,-20,0,0,0,0,0,0,SAFE,1,0,0,,navigation_only
1777802111.64075,4,0,0,-20,0,0,0,0,0,0,SAFE,1,0,0,,navigation_only
1777802111.84253,5,0,0,-20,0,0,0,0,0,0,SAFE,1,0,0,,navigation_only
1777802112.04438,6,0,0,-20,0,0,0,0,0,0,SAFE,1,0,0,,navigation_only
1777802112.24472,7,0,0,-20,0,0,0,0,0,0,SAFE,1,0,0,,navigation_only
1777802112.44389,8,0,0,-20,0,0,0,0,0,0,SAFE,1,0,0,,navigation_only
1777802112.64395,9,0,0,-20,0,0,0,0,0,0,SAFE,1,0,0,,navigation_only
1777802112.8445,10,0,0,-20,0,0,0,0,0,0,SAFE,1,0,0,,navigation_only
1777802113.05003,11,0,0,-20,0,0,0,0,0,0,SAFE,1,0,0,,navigation_only
1777802113.24852,12,0,0,-20,0,0,0,0,0,0,SAFE,1,0,0,,navigation_only
1777802113.45143,13,0,0,-20,0,0,0,0,0,0,SAFE,1,0,0,,navigation_only
1777802113.65042,14,0,0,-20,0,0,0,0,0,0,SAFE,1,0,0,,navigation_only
1777802113.85008,15,0,0,-20,0,0,0,0,0,0,SAFE,1,0,0,,navigation_only
1777802114.05152,16,0,0,-20,0,0,0,0,0,0,SAFE,1,0,0,,navigation_only
1777802114.25392,17,0,0,-20,0,0,0,0,0,0,SAFE,1,0,0,,navigation_only
1777802114.45352,18,0,0,-20,0,0,0,0,0,0,SAFE,1,0,0,,navigation_only
1777802114.65237,19,0,0,-20,0,0,0,0,0,0,SAFE,1,0,0,,navigation_only
1777802114.85491,20,0,0,-20,0,0,0,0,0,0,SAFE,1,0,0,,navigation_only
1777802115.06067,21,0,0,-20,0,0,0,0,0,0,SAFE,1,0,0,,navigation_only
1777802115.25666,22,0,0,-20,0,0,0,0,0,0,SAFE,1,0,0,,navigation_only
1777802115.45525,23,0,0,-20,0,0,0,0,0,0,SAFE,1,0,0,,navigation_only
1777802115.65657,24,0,0,-20,0,0,0,0,0,0,SAFE,1,0,0,,navigation_only
1777802115.85811,25,0,0,-20,0,0,0,0,0,0,SAFE,1,0,0,,navigation_only
1777802116.05882,26,0,0,-20,0,0,0,0,0,0,SAFE,1,0,0,,navigation_only
1777802116.25786,27,0,0,-20,0,0,0,0,0,0,SAFE,1,0,0,,navigation_only
1777802116.4578,28,0,0,-20,0,0,0,0,0,0,SAFE,1,0,0,,navigation_only
1777802116.65982,29,0,0,-20,0,0,0,0,0,0,SAFE,1,0,0,,navigation_only
1777802116.86143,30,0,0,-20,0,0,0,0,0,0,SAFE,1,0,0,,navigation_only
1777802117.06192,31,0,0,-20,0,0,0,0,0,0,SAFE,1,0,0,,navigation_only
1777802117.26228,32,0,0,-20,0,0,0,0,0,0,SAFE,1,0,0,,navigation_only
1777802117.46383,33,0,0,-20,0,0,0,0,0,0,SAFE,1,0,0,,navigation_only
1777802117.66459,34,0,0,-20,0,0,0,0,0,0,SAFE,1,0,0,,navigation_only
1777802117.86285,35,0,0,-20,0,0,0,0,0,0,SAFE,1,0,0,,navigation_only
1777802118.06571,36,0,0,-20,0,0,0,0,0,0,SAFE,1,0,0,,navigation_only
1777802118.26667,37,0,0,-20,0,0,0,0,0,0,SAFE,1,0,0,,navigation_only
1777802118.46677,38,0,0,-20,0,0,0,0,0,0,SAFE,1,0,0,,navigation_only
1777802118.6654,39,0,0,-20,0,0,0,0,0,0,SAFE,1,0,0,,navigation_only
1777802118.86778,40,0,0,-20,0,0,0,0,0,0,SAFE,1,0,0,,navigation_only
1777802119.07186,41,0,0,-20,0,0,0,0,0,0,SAFE,1,0,0,,navigation_only
1777802119.27446,42,0,0,-20,0,0,0,0,0,0,SAFE,1,0,0,,navigation_only
1777802119.47002,43,0,0,-20,0,0,0,0,0,0,SAFE,1,0,0,,navigation_only
1777802119.6757,44,0,0,-20,0,0,0,0,0,0,SAFE,1,0,0,,navigation_only
1777802119.874,45,0,0,-20,0,0,0,0,0,0,SAFE,1,0,0,,navigation_only
1777802120.07502,46,0,0,-20,0,0,0,0,0,0,SAFE,1,0,0,,navigation_only
1777802120.27357,47,0,0,-20,0,0,0,0,0,0,SAFE,1,0,0,,navigation_only
1777802120.47433,48,0,0,-20,0,0,0,0,0,0,SAFE,1,0,0,,navigation_only
1777802120.67549,49,0,0,-20,0,0,0,0,0,0,SAFE,1,0,0,,navigation_only
1777802120.87524,50,0,0,-20,0,0,0,0,0,0,SAFE,1,0,0,,navigation_only
1777802121.07513,51,0,0,-20,0,0,0,0,0,0,SAFE,1,0,0,,navigation_only
1777802121.27838,52,0,0,-20,0,0,0,0,0,0,SAFE,1,0,0,,navigation_only
1777802121.47727,53,0,0,-20,0,0,0,0,0,0,SAFE,1,0,0,,navigation_only
1777802121.6777,54,0,0,-20,0,0,0,0,0,0,SAFE,1,0,0,,navigation_only
1777802121.87823,55,0,0,-20,0,0,0,0,0,0,SAFE,1,0,0,,navigation_only
1777802122.08004,56,0,0,-20,0,0,0,0,0,0,SAFE,1,0,0,,navigation_only
1777802122.28144,57,0,0,-20,0,0,0,0,0,0,SAFE,1,0,0,,navigation_only
1777802122.48019,58,0,0,-20,0,0,0,0,0,0,SAFE,1,0,0,,navigation_only
1777802122.68067,59,0,0,-20,0,0,0,0,0,0,SAFE,1,0,0,,navigation_only
1777802122.88163,60,0,0,-20,0,0,0,0,0,0,SAFE,1,0,0,,navigation_only
1777802123.08232,61,0,0,-20,0,0,0,0,0,0,SAFE,1,0,0,,navigation_only
1777802123.28231,62,0,0,-20,0,0,0,0,0,0,SAFE,1,0,0,,navigation_only
1777802123.48479,63,0,0,-20,0,0,0,0,0,0,SAFE,1,0,0,,navigation_only
1777802123.68535,64,0,0,-20,0,0,0,0,0,0,SAFE,1,0,0,,navigation_only
1777802123.88656,65,0,0,-20,0,0,0,0,0,0,SAFE,1,0,0,,navigation_only
1777802124.08594,66,0,0,-20,0,0,0,0,0,0,SAFE,1,0,0,,navigation_only
1777802124.28795,67,0,0,-20,0,0,0,0,0,0,SAFE,1,0,0,,navigation_only
1777802124.48809,68,0,0,-20,0,0,0,0,0,0,SAFE,1,0,0,,navigation_only
1777802124.68873,69,0,0,-20,0,0,0,0,0,0,SAFE,1,0,0,,navigation_only
1777802124.88721,70,0,0,-20,0,0,0,0,0,0,SAFE,1,0,0,,navigation_only
1777802125.0894,71,0,0,-20,0,0,0,0,0,0,SAFE,1,0,0,,navigation_only
1777802125.29741,72,0,0,-20,0,0,0,0,0,0,SAFE,1,0,0,,navigation_only
1777802125.49375,73,0,0,-20,0,0,0,0,0,0,SAFE,1,0,0,,navigation_only
1777802125.69192,74,0,0,-20,0,0,0,0,0,0,SAFE,1,0,0,,navigation_only
1777802125.89327,75,0,0,-20,0,0,0,0,0,0,SAFE,1,0,0,,navigation_only
1777802126.09463,76,0,0,-20,0,0,0,0,0,0,SAFE,1,0,0,,navigation_only
1777802126.29522,77,0,0,-20,0,0,0,0,0,0,SAFE,1,0,0,,navigation_only
1777802126.49342,78,0,0,-20,0,0,0,0,0,0,SAFE,1,0,0,,navigation_only
1777802126.69507,79,0,0,-20,0,0,0,0,0,0,SAFE,1,0,0,,navigation_only
1777802126.89676,80,0,0,-20,0,0,0,0,0,0,SAFE,1,0,0,,navigation_only
1777802127.09776,81,0,0,-20,0,0,0,0,0,0,SAFE,1,0,0,,navigation_only
1777802127.29591,82,0,0,-20,0,0,0,0,0,0,SAFE,1,0,0,,navigation_only
1777802127.49655,83,0,0,-20,0,0,0,0,0,0,SAFE,1,0,0,,navigation_only
1777802127.69925,84,0,0,-20,0,0,0,0,0,0,SAFE,1,0,0,,navigation_only
1777802127.90127,85,0,0,-20,0,0,0,0,0,0,SAFE,1,0,0,,navigation_only
1777802128.10123,86,0,0,-20,0,0,0,0,0,0,SAFE,1,0,0,,navigation_only
1777802128.29934,87,0,0,-20,0,0,0,0,0,0,SAFE,1,0,0,,navigation_only
1777802128.49975,88,0,0,-20,0,0,0,0,0,0,SAFE,1,0,0,,navigation_only
1777802128.70188,89,0,0,-20,0,0,0,0,0,0,SAFE,1,0,0,,navigation_only
1777802128.90617,90,0,0,-20,0,0,0,0,0,0,SAFE,1,0,0,,navigation_only
1777802129.10663,91,0,0,-20,0,0,0,0,0,0,SAFE,1,0,0,,navigation_only
1777802129.30428,92,0,0,-20,0,0,0,0,0,0,SAFE,1,0,0,,navigation_only
1777802129.50534,93,0,0,-20,0,0,0,0,0,0,SAFE,1,0,0,,navigation_only
1777802129.70697,94,0,0,-20,0,0,0,0,0,0,SAFE,1,0,0,,navigation_only
1777802129.9067,95,0,0,-20,0,0,0,0,0,0,SAFE,1,0,0,,navigation_only
1777802130.10707,96,0,0,-20,0,0,0,0,0,0,SAFE,1,0,0,,navigation_only
1777802130.30704,97,0,0,-20,0,0,0,0,0,0,SAFE,1,0,0,,navigation_only
1777802130.5072,98,0,0,-20,0,0,0,0,0,0,SAFE,1,0,0,,navigation_only
1777802130.70845,99,0,0,-20,0,0,0,0,0,0,SAFE,1,0,0,,navigation_only
1777802130.91039,100,0,0,-20,0,0,0,0,0,0,SAFE,1,0,0,,navigation_only
1777802131.11208,101,0,0,-20,0,0,0,0,0,0,SAFE,1,0,0,,navigation_only
1777802131.31292,102,0,0,-20,0,0,0,0,0,0,SAFE,1,0,0,,navigation_only
1777802131.51132,103,0,0,-20,0,0,0,0,0,0,SAFE,1,0,0,,navigation_only
1777802131.71125,104,0,0,-20,0,0,0,0,0,0,SAFE,1,0,0,,navigation_only
1777802131.91435,105,0,0,-20,0,0,0,0,0,0,SAFE,1,0,0,,navigation_only
1777802132.11488,106,0,0,-20,0,0,0,0,0,0,SAFE,1,0,0,,navigation_only
1777802132.31605,107,0,0,-20,0,0,0,0,0,0,SAFE,1,0,0,,navigation_only
1777802132.51433,108,0,0,-20,0,0,0,0,0,0,SAFE,1,0,0,,navigation_only
1777802132.71587,109,0,0,-20,0,0,0,0,0,0,SAFE,1,0,0,,navigation_only
1777802132.91728,110,0,0,-20,0,0,0,0,0,0,SAFE,1,0,0,,navigation_only
1777802133.11642,111,0,0,-20,0,0,0,0,0,0,SAFE,1,0,0,,navigation_only
1777802133.31736,112,0,0,-20,0,0,0,0,0,0,SAFE,1,0,0,,navigation_only
1777802133.5176,113,0,0,-20,0,0,0,0,0,0,SAFE,1,0,0,,navigation_only
1777802133.71801,114,0,0,-20,0,0,0,0,0,0,SAFE,1,0,0,,navigation_only
1777802133.92042,115,0,0,-20,0,0,0,0,0,0,SAFE,1,0,0,,navigation_only
1777802134.11947,116,0,0,-20,0,0,0,0,0,0,SAFE,1,0,0,,navigation_only
1777802134.32225,117,0,0,-20,0,0,0,0,0,0,SAFE,1,0,0,,navigation_only
1777802134.52055,118,0,0,-20,0,0,0,0,0,0,SAFE,1,0,0,,navigation_only
1777802134.74312,119,0,0,-20,0,0,0,0,0,0,SAFE,1,0,0,,navigation_only
1777802134.94207,120,0,0,-20,0,0,0,0,0,0,SAFE,1,0,0,,navigation_only
1777802135.13467,121,0,0,-20,0,0,0,0,0,0,SAFE,1,0,0,,navigation_only
1777802135.33406,122,0,0,-20,0,0,0,0,0,0,SAFE,1,0,0,,navigation_only
1777802135.53428,123,0,0,-20,0,0,0,0,0,0,SAFE,1,0,0,,navigation_only
1777802135.73354,124,0,0,-20,0,0,0,0,0,0,SAFE,1,0,0,,navigation_only
1777802135.93539,125,0,0,-20,0,0,0,0,0,0,SAFE,1,0,0,,navigation_only
1777802136.13779,126,0,0,-20,0,0,0,0,0,0,SAFE,1,0,0,,navigation_only
1777802136.33886,127,0,0,-20,0,0,0,0,0,0,SAFE,1,0,0,,navigation_only
1777802136.53772,128,0,0,-20,0,0,0,0,0,0,SAFE,1,0,0,,navigation_only
1777802136.73988,129,0,0,-20,0,0,0,0,0,0,SAFE,1,0,0,,navigation_only
1777802136.94094,130,0,0,-20,0,0,0,0,0,0,SAFE,1,0,0,,navigation_only
1777802137.14117,131,0,0,-20,0,0,0,0,0,0,SAFE,1,0,0,,navigation_only
1777802137.34048,132,0,0,-20,0,0,0,0,0,0,SAFE,1,0,0,,navigation_only
1777802137.54108,133,0,0,-20,0,0,0,0,0,0,SAFE,1,0,0,,navigation_only
1777802137.74189,134,0,0,-20,0,0,0,0,0,0,SAFE,1,0,0,,navigation_only
1777802137.94303,135,0,0,-20,0,0,0,0,0,0,SAFE,1,0,0,,navigation_only
1777802138.14485,136,0,0,-20,0,0,0,0,0,0,SAFE,1,0,0,,navigation_only
1777802138.34202,137,0,0,-20,0,0,0,0,0,0,SAFE,1,0,0,,navigation_only
1777802138.54318,138,0,0,-20,0,0,0,0,0,0,SAFE,1,0,0,,navigation_only
1777802138.74358,139,0,0,-20,0,0,0,0,0,0,SAFE,1,0,0,,navigation_only
1777802138.94475,140,0,0,-20,0,0,0,0,0,0,SAFE,1,0,0,,navigation_only
1777802139.14448,141,0,0,-20,0,0,0,0,0,0,SAFE,1,0,0,,navigation_only
1777802139.34673,142,0,0,-20,0,0,0,0,0,0,SAFE,1,0,0,,navigation_only
1777802139.54648,143,0,0,-20,0,0,0,0,0,0,SAFE,1,0,0,,navigation_only
1777802139.74823,144,0,0,-20,0,0,0,0,0,0,SAFE,1,0,0,,navigation_only
1777802139.94722,145,0,0,-20,0,0,0,0,0,0,SAFE,1,0,0,,navigation_only
1777802140.14928,146,0,0,-20,0,0,0,0,0,0,SAFE,1,0,0,,navigation_only
1777802140.35028,147,0,0,-20,0,0,0,0,0,0,SAFE,1,0,0,,navigation_only
1777802140.54923,148,0,0,-20,0,0,0,0,0,0,SAFE,1,0,0,,navigation_only
1777802140.7506,149,0,0,-20,0,0,0,0,0,0,SAFE,1,0,0,,navigation_only
1777802140.95184,150,0,0,-20,0,0,0,0,0,0,SAFE,1,0,0,,navigation_only
1777802141.15323,151,0,0,-20,0,0,0,0,0,0,SAFE,1,0,0,,navigation_only
1777802141.3536,152,0,0,-20,0,0,0,0,0,0,SAFE,1,0,0,,navigation_only
1777802141.55384,153,0,0,-20,0,0,0,0,0,0,SAFE,1,0,0,,navigation_only
1777802141.75265,154,0,0,-20,0,0,0,0,0,0,SAFE,1,0,0,,navigation_only
1777802141.95557,155,0,0,-20,0,0,0,0,0,0,SAFE,1,0,0,,navigation_only
1777802142.15565,156,0,0,-20,0,0,0,0,0,0,SAFE,1,0,0,,navigation_only
1777802142.35414,157,0,0,-20,0,0,0,0,0,0,SAFE,1,0,0,,navigation_only
1777802142.55556,158,0,0,-20,0,0,0,0,0,0,SAFE,1,0,0,,navigation_only
1777802142.75685,159,0,0,-20,0,0,0,0,0,0,SAFE,1,0,0,,navigation_only
1777802142.9581,160,0,0,-20,0,0,0,0,0,0,SAFE,1,0,0,,navigation_only
1777802143.15619,161,0,0,-20,0,0,0,0,0,0,SAFE,1,0,0,,navigation_only
1777802143.35881,162,0,0,-20,0,0,0,0,0,0,SAFE,1,0,0,,navigation_only
1777802143.5575,163,0,0,-20,0,0,0,0,0,0,SAFE,1,0,0,,navigation_only
1777802143.75846,164,0,0,-20,0,0,0,0,0,0,SAFE,1,0,0,,navigation_only
1777802143.95823,165,0,0,-20,0,0,0,0,0,0,SAFE,1,0,0,,navigation_only
1777802144.1614,166,0,0,-20,0,0,0,0,0,0,SAFE,1,0,0,,navigation_only
1777802144.36236,167,0,0,-20,0,0,0,0,0,0,SAFE,1,0,0,,navigation_only
1777802144.56151,168,0,0,-20,0,0,0,0,0,0,SAFE,1,0,0,,navigation_only
1777802144.76109,169,0,0,-20,0,0,0,0,0,0,SAFE,1,0,0,,navigation_only
1777802144.9632,170,0,0,-20,0,0,0,0,0,0,SAFE,1,0,0,,navigation_only
1777802145.16521,171,0,0,-20,0,0,0,0,0,0,SAFE,1,0,0,,navigation_only
1777802145.3638,172,0,0,-20,0,0,0,0,0,0,SAFE,1,0,0,,navigation_only
1777802145.5642,173,0,0,-20,0,0,0,0,0,0,SAFE,1,0,0,,navigation_only
1777802145.7661,174,0,0,-20,0,0,0,0,0,0,SAFE,1,0,0,,navigation_only
1777802145.96766,175,0,0,-20,0,0,0,0,0,0,SAFE,1,0,0,,navigation_only
1777802146.16626,176,0,0,-20,0,0,0,0,0,0,SAFE,1,0,0,,navigation_only
1777802146.36721,177,0,0,-20,0,0,0,0,0,0,SAFE,1,0,0,,navigation_only
1777802146.56742,178,0,0,-20,0,0,0,0,0,0,SAFE,1,0,0,,navigation_only
1777802146.77002,179,0,0,-20,0,0,0,0,0,0,SAFE,1,0,0,,navigation_only
1777802146.97039,180,0,0,-20,0,0,0,0,0,0,SAFE,1,0,0,,navigation_only
1777802147.17058,181,0,0,-20,0,0,0,0,0,0,SAFE,1,0,0,,navigation_only
1777802147.37085,182,0,0,-20,0,0,0,0,0,0,SAFE,1,0,0,,navigation_only
1777802147.5695,183,0,0,-20,0,0,0,0,0,0,SAFE,1,0,0,,navigation_only
1777802147.7713,184,0,0,-20,0,0,0,0,0,0,SAFE,1,0,0,,navigation_only
1777802147.97106,185,0,0,-20,0,0,0,0,0,0,SAFE,1,0,0,,navigation_only
1777802148.17323,186,0,0,-20,0,0,0,0,0,0,SAFE,1,0,0,,navigation_only
1777802148.37329,187,0,0,-20,0,0,0,0,0,0,SAFE,1,0,0,,navigation_only
1777802148.57221,188,0,0,-20,0,0,0,0,0,0,SAFE,1,0,0,,navigation_only
1777802148.77296,189,0,0,-20,0,0,0,0,0,0,SAFE,1,0,0,,navigation_only
1777802148.9762,190,0,0,-20,0,0,0,0,0,0,SAFE,1,0,0,,navigation_only
1777802149.17734,191,0,0,-20,0,0,0,0,0,0,SAFE,1,0,0,,navigation_only
1777802149.37635,192,0,0,-20,0,0,0,0,0,0,SAFE,1,0,0,,navigation_only
1777802149.57538,193,0,0,-20,0,0,0,0,0,0,SAFE,1,0,0,,navigation_only
1777802149.77739,194,0,0,-20,0,0,0,0,0,0,SAFE,1,0,0,,navigation_only
1777802149.97852,195,0,0,-20,0,0,0,0,0,0,SAFE,1,0,0,,navigation_only
1777802150.17902,196,0,0,-20,0,0,0,0,0,0,SAFE,1,0,0,,navigation_only
1777802150.37768,197,0,0,-20,0,0,0,0,0,0,SAFE,1,0,0,,navigation_only
1777802150.57867,198,0,0,-20,0,0,0,0,0,0,SAFE,1,0,0,,navigation_only
1777802150.77926,199,0,0,-20,0,0,0,0,0,0,SAFE,1,0,0,,navigation_only
1777802150.98113,200,0,0,-20,0,0,0,0,0,0,SAFE,1,0,0,,navigation_only
